spot_index,x,y,pixel_x,pixel_y,dist_1,dist_2,dist_3,dist_4,dist_5,mean_5nn
0,15,11,3004.81,2203.54,225.13393013937292,241.49755857979193,304.21301172040626,316.68643482157563,440.38194195493537,305.5825754432164
1,19,11,3878.83,2206.38,197.2144175764034,223.70181067662344,301.78907104134794,343.1439584197861,432.79048811174204,299.7279491651806
2,17,11,3446.04,2205.73,199.84864522933344,214.0035326811219,235.58823676066672,311.46807637380726,316.07289918624787,255.39627804623547
3,16,11,3246.23,2209.66,199.84864522933344,219.27660705145905,241.49755857979193,300.0622525410353,302.87348860539146,252.71171040140226
4,18,11,3681.62,2207.7,197.2144175764034,218.9284707387324,235.58823676066672,302.6481049007248,305.6299469947277,252.00183539425097
5,22,12,4531.37,2412.43,220.2973304422911,228.22193693858634,266.35888665482935,315.0564179635135,357.26583491848254,277.4400813835406
6,10,12,1939.2,2409.15,201.88914284824725,204.27003793997784,229.9075718631291,293.092903530604,303.49638037380277,246.53120731115217
7,11,12,2140.96,2416.37,201.88914284824725,213.44575071900584,261.8265429630847,315.2906379834326,342.4527672541133,266.9809683535767
8,9,12,1735.7,2426.87,204.27003793997784,214.9661426829818,249.72483196510524,278.0310917865122,334.0493426127344,256.2082893974623
9,26,12,5414.5,2419.43,210.3841831031984,223.1369825914119,234.72473452961881,300.8955007972041,316.83414367772923,257.1951089398325
10,17,12,3461.0,2419.21,211.4233156489607,214.0035326811219,219.64864329196314,233.14262115709326,300.0622525410353,235.65607306403484
11,28,12,5836.45,2419.21,187.26168882075135,223.294614802955,234.66150302084043,296.86920436448116,318.23480764994895,252.0643637317954
12,27,12,5649.21,2422.06,187.26168882075135,220.0082780260781,234.72473452961881,299.8470898641509,324.56300282071606,253.28095881226304
13,21,12,4303.82,2429.93,164.28058923682954,209.28965812958856,228.22193693858634,268.521063047203,307.3856101056134,235.53977149156418
14,15,12,3034.93,2426.65,193.1060612720381,216.9609248228814,225.13393013937292,234.07466330211815,293.5040696481055,232.5559298369032
15,18,12,3672.3,2426.43,211.4233156489607,214.79851698743173,217.53073346081476,218.9284707387324,301.78907104134794,232.89402157545746
16,14,12,2800.87,2429.27,194.6455509381087,215.0778940291168,234.07466330211815,284.3339826682698,304.21301172040626,246.46902053160392
17,19,12,3887.07,2429.93,210.3974774088321,214.79851698743173,223.70181067662344,252.4703834115992,302.6481049007248,240.80325867704224
18,29,12,6070.94,2428.18,210.08944975890626,212.69663137906073,234.66150302084043,299.4391534185201,305.13034919522477,252.40341735451048
19,16,12,3228.03,2428.18,193.1060612720381,213.169943941448,219.27660705145905,233.14262115709326,295.31863740712373,230.8027741658324
20,25,12,5204.28,2427.74,210.3841831031984,216.1006795454381,293.8652080461381,298.1352084206092,407.73389863978633,285.243835551034
21,20,12,4139.54,2429.49,164.28058923682954,209.80625086016906,252.4703834115992,271.70370810866757,322.0396102966219,244.06010838277743
22,30,12,6280.94,2434.31,204.10587669148572,210.08944975890626,298.86491145666446,426.2015375382873,444.7464110029443,316.8016372896576
23,12,12,2402.11,2435.18,204.1617461719997,217.8215434707964,261.8265429630847,304.36822994524255,332.58401600197203,264.15241571061904
24,8,12,1486.04,2432.56,213.05866328314366,249.72483196510524,332.1863395746431,435.195024328174,453.7642710703434,336.78582604428186
25,23,12,4796.64,2436.49,215.0201025485761,266.35888665482935,301.5834945748855,327.16601917069585,407.73389863978633,303.57248031775464
26,13,12,2606.26,2432.99,194.6455509381087,204.1617461719997,215.645602783827,290.6679376883526,308.99558087454943,242.8232836913675
27,11,13,2132.3,2629.64,213.44575071900584,215.8000595458677,224.67014042814,257.61519695080074,293.092903530604,240.92481023488367
28,22,13,4534.84,2632.7,218.30529173613746,220.2973304422911,222.44036976232564,262.68432804413766,307.3856101056134,246.22258601810108
29,20,13,4135.64,2639.26,176.85013683907573,209.80625086016906,237.7737565418017,239.69161541447428,268.521063047203,226.52856454054478
30,21,13,4312.49,2639.04,176.85013683907573,209.28965812958856,222.44036976232564,227.92506838871418,271.70370810866757,221.64178824567435
31,10,13,1916.66,2637.95,172.55010431755755,215.8000595458677,222.77137899649506,229.9075718631291,278.0310917865122,223.8120413019123
32,30,13,6284.19,2638.39,204.10587669148572,219.33313110426312,222.39028778253805,299.2393899539295,299.4391534185201,248.90156779014728
33,17,13,3456.88,2638.82,208.54067061367192,219.63404699636132,219.64864329196314,221.71309862071777,302.51493930052476,234.41027976464778
34,19,13,3895.95,2640.14,210.3974774088321,220.5937544446807,230.61984346538756,239.69161541447428,309.34008243355703,242.12855463338633
35,29,13,6064.87,2640.79,211.73280567734375,212.69663137906073,214.52161592716,219.33313110426312,298.86491145666446,231.42981910889839
36,9,13,1744.15,2641.67,172.55010431755755,214.9661426829818,237.32580854175959,260.9595941903651,274.63689956012814,232.08770985855844
37,16,13,3235.18,2641.23,209.3614544275043,213.169943941448,220.7105697514279,221.71309862071777,293.5040696481055,231.69182727784067
38,27,13,5640.11,2641.88,213.03000000000065,218.78285239021795,220.0082780260781,229.08095075758692,293.9749521642958,234.9754066676359
39,28,13,5853.14,2641.88,211.73280567734375,211.9354562124986,213.03000000000065,223.294614802955,299.8470898641509,231.96799331138982
40,18,13,3665.36,2643.85,208.54067061367192,217.53073346081476,217.66864955707362,230.61984346538756,296.92411370584233,234.25680216055804
41,15,13,3025.83,2643.42,209.3614544275043,216.0821237400261,216.9609248228814,219.97172045515285,295.31863740712373,231.53897217053768
42,25,13,5213.82,2643.63,197.21301224817802,203.1378531933423,216.1006795454381,216.6231737372525,294.65248446262956,225.54544063736813
43,26,13,5411.03,2642.54,197.21301224817802,214.87403193499227,223.1369825914119,229.08095075758692,297.5083783694167,232.36267118031714
44,14,13,2805.86,2644.29,186.42164037471628,215.0778940291168,219.97172045515285,221.7848272538046,290.6679376883526,226.7848039602286
45,8,13,1483.22,2645.6,213.05866328314366,222.43982557087207,260.9595941903651,304.21421350752166,334.0493426127344,266.94432783292734
46,12,13,2388.89,2652.6,217.8215434707964,229.48301483987876,230.631405060109,257.61519695080074,308.99558087454943,248.90934823922686
47,23,13,4796.85,2651.51,213.9161679256616,215.0201025485761,219.47986354105458,262.68432804413766,303.5963479688113,242.9393620056482
48,13,13,2619.48,2648.23,186.42164037471628,215.645602783827,224.02241673546845,230.631405060109,284.3339826682698,228.2110095244781
49,24,13,5010.75,2648.88,203.1378531933423,213.9161679256616,217.43097157488842,289.1889410057026,293.8652080461381,243.50782834914662
50,22,14,4533.32,2851.0,218.08298718607114,218.30529173613746,222.9220583522406,258.01855068967427,287.8113244818555,241.0280424891958
51,11,14,2135.98,2854.28,220.05536030735536,224.67014042814,226.12889510188649,257.66193742964816,308.0583245101488,247.31493155543575
52,28,14,5844.04,2853.62,199.72270777255184,211.9354562124986,233.6236728159198,248.70946684836935,293.9749521642958,237.5932511627271
53,29,14,6077.66,2854.93,193.6072875694505,214.52161592716,226.41332690457986,233.6236728159198,299.2393899539295,233.48105863420795
54,26,14,5416.67,2857.34,208.49934292462459,214.87403193499227,217.4331356992306,227.79361558217514,294.65248446262956,232.65052212073041
55,10,14,1909.94,2860.62,186.9807359061356,214.53526167043043,222.77137899649506,226.12889510188649,274.63689956012814,225.01063424701516
56,17,14,3460.13,2858.43,215.43885188145623,219.63404699636132,220.67770639554894,222.81749056122138,296.92411370584233,235.09844190808604
57,30,14,6271.19,2860.4,193.6072875694505,215.30374567108672,222.39028778253805,295.8513390201233,301.3245667050729,245.6954453496543
58,15,14,3016.72,2859.31,194.0565278469133,216.0821237400261,218.60022529723088,220.6355565179832,297.1211335465724,229.29911338974517
59,25,14,5208.19,2860.18,196.88545146861406,208.49934292462459,216.6231737372525,223.59193053417667,289.1889410057026,226.95776793407407
60,27,14,5644.44,2860.62,199.72270777255184,218.78285239021795,218.9887597572079,227.79361558217514,302.3290882465665,233.52340474974386
61,18,14,3675.55,2861.28,208.27185911687636,215.43885188145623,215.81906611789384,217.66864955707362,300.8788410639735,231.6154535474547
62,16,14,3237.34,2861.93,218.88697540054798,220.6355565179832,220.7105697514279,222.81749056122138,304.1103421457415,237.4321868753844
63,19,14,3883.82,2860.4,208.27185911687636,216.77389810583745,220.5937544446807,237.85164725097002,294.9473936145222,235.68771050657733
64,24,14,5011.4,2866.31,196.88545146861406,216.1109775092419,217.43097157488842,220.87769692750777,296.1768235362118,229.49638420329285
65,14,14,2822.76,2865.43,194.0565278469133,214.2204658756958,217.64530778309955,221.7848272538046,283.4312870873646,226.22768316937555
66,21,14,4310.97,2866.96,190.09408039178953,204.52917346921416,222.9220583522406,227.92506838871418,282.8808459404776,225.6702453084872
67,7,14,1274.31,2866.74,215.68391780566333,222.57173967060615,304.21115199808196,304.21421350752166,311.1922267666726,271.5746499497091
68,23,14,4790.57,2870.9,216.35782814587498,219.47986354105458,220.87769692750777,258.01855068967427,305.31941110908775,244.0106700826399
69,8,14,1496.88,2867.62,212.2392171583754,222.43982557087207,222.57173967060615,227.14281850853206,308.38199185425884,238.55511855252888
70,13,14,2608.64,2871.99,214.01609705814218,214.2204658756958,216.7340649275051,224.02241673546845,299.58892903443564,233.71639472624943
71,20,14,4121.12,2876.59,190.09408039178953,211.00232036638823,237.7737565418017,237.85164725097002,294.9592843088684,234.3362177719636
72,12,14,2392.14,2882.06,212.26292021924138,216.7340649275051,229.48301483987876,257.66193742964816,301.8216435247813,243.59271618821094
73,9,14,1723.78,2878.12,186.9807359061356,203.23469438065956,227.14281850853206,237.32580854175959,276.9703747695771,226.3308864213328
74,22,15,4530.94,3069.07,185.95049717599557,214.8629330526787,218.08298718607114,263.7259858261984,298.7227025185728,236.26902115190333
75,21,15,4344.99,3068.64,185.95049717599557,204.52917346921416,212.3253828443507,222.77315816767532,281.059629616208,221.32756825468874
76,11,15,2133.38,3074.32,212.1870526210304,214.77101410572163,220.05536030735536,253.26381206165243,304.9892981729031,241.05330745373257
77,10,15,1918.61,3074.98,184.9616081785622,214.53526167043043,214.77101410572163,215.02176006162725,276.9703747695771,221.25200375718373
78,30,15,6282.24,3075.42,207.9137294648912,215.30374567108672,220.7662974731422,293.62020809201783,300.78034593370637,247.67686532696888
79,18,15,3683.57,3076.95,201.55012006942562,215.81906611789384,218.7454522955849,232.54834443616232,292.7954277306941,232.29168212995214
80,26,15,5414.28,3074.76,201.9592991174205,217.4331356992306,218.70076017243287,234.32937182521593,297.51918341512066,233.9883500458841
81,15,15,3010.44,3077.82,189.2728255719772,217.91977445839981,218.60022529723088,234.93728716404306,283.4312870873646,228.83227991580307
82,19,15,3885.12,3077.17,201.55012006942562,216.77389810583745,217.042300946152,248.5636602562809,295.51264372273454,235.8885246200861
83,27,15,5648.56,3079.57,194.64408185197874,218.41045442011205,218.9887597572079,234.32937182521593,294.78590773644515,232.23171511819197
84,6,15,1049.35,3081.76,226.26096260733974,311.1922267666726,322.43240919609815,435.95744471221,442.11438904428354,347.5914864653208
85,8,15,1491.46,3079.79,212.2392171583754,215.86602187468057,224.02186790579174,242.2935956644335,301.07979091928456,239.10009870451313
86,17,15,3451.03,3078.92,205.67744504441907,216.1492690249034,220.67770639554894,232.54834443616232,304.54568819801096,235.91969061980893
87,7,15,1275.61,3082.42,215.68391780566333,215.86602187468057,218.12901801456877,226.26096260733974,301.69894348505755,235.52777275746197
88,9,15,1733.75,3081.11,184.9616081785622,203.23469438065956,215.2653313936083,242.2935956644335,278.3655010952326,224.82414614249925
89,20,15,4133.48,3087.23,207.15919482369097,211.00232036638823,212.3253828443507,248.5636602562809,278.6837063769607,231.54685293353432
90,23,15,4794.04,3087.23,216.35782814587498,216.76337375119445,220.415955184737,263.7259858261984,306.53949582394745,244.76052774639044
91,16,15,3245.36,3080.67,205.67744504441907,218.88697540054798,219.4271480469088,234.93728716404306,299.93674949895694,235.77312103097515
92,24,15,5010.75,3082.42,201.77425256954908,216.1109775092419,216.76337375119445,217.89124741485156,293.7755825455888,229.26308675808514
93,29,15,6074.41,3081.32,207.9137294648912,210.8659149791636,226.41332690457986,233.48629852734396,295.1489393509655,234.76564184538884
94,25,15,5212.52,3083.73,201.77425256954908,201.9592991174205,215.26453516545615,223.59193053417667,293.47843004214195,227.21368948574886
95,14,15,2821.24,3083.07,189.2728255719772,206.54966327738202,217.64530778309955,218.53077426303142,291.7700491825712,224.75372401561225
96,13,15,2614.71,3085.92,206.54966327738202,214.01609705814218,220.59590408708863,229.00082663606253,300.1153759806384,234.05557340786277
97,12,15,2385.86,3094.23,212.2265096541898,212.26292021924138,229.00082663606253,253.26381206165243,306.8664186580212,242.72409744583348
98,28,15,5841.87,3102.32,193.70436236698433,194.64408185197874,233.48629852734396,248.70946684836935,287.62253110630894,231.63334814019709
99,22,16,4525.74,3283.87,201.65705393067728,214.8629330526787,239.74352462579697,261.3504453793801,281.059629616208,239.73471732094822
100,11,16,2131.65,3286.5,212.1870526210304,213.9386316213134,218.61986414779443,265.7696446172888,300.21117900571267,242.14527440262796
101,10,16,1917.74,3290.0,180.20156408866148,213.9386316213134,215.02176006162725,235.8473321875827,278.3655010952326,224.67495781088346
102,21,16,4324.19,3290.44,193.56989900291808,201.65705393067728,222.77315816767532,240.31131163555332,278.6837063769607,227.39902582275695
103,15,16,3021.28,3295.47,197.96462133421755,213.5047271139443,217.91977445839981,236.7478274451532,291.7700491825712,231.58139990685723
104,29,16,6083.95,3291.97,192.92464046875932,210.8659149791636,229.82576117572208,235.17283963076972,293.62020809201783,232.48187286928652
105,17,16,3455.15,3295.03,216.1492690249034,220.46247798661824,225.10346265661923,231.02091442118393,299.93674949895694,238.53457471765637
106,19,16,3879.92,3294.15,193.75604093808275,217.042300946152,234.5740789175136,250.7400965142988,292.7954277306941,237.78158900934824
107,20,16,4130.66,3294.37,193.56989900291808,207.15919482369097,237.8774798084089,250.7400965142988,300.23610992017615,237.91655601389857
108,26,16,5423.17,3293.28,207.2174606542608,213.97566707455275,217.21328182226793,218.70076017243287,297.1272875385227,230.84689145240742
109,28,16,5848.81,3295.9,193.70436236698433,218.19750686018386,218.46398787900952,235.17283963076972,294.78590773644515,232.06492089467852
110,30,16,6276.83,3296.12,192.92464046875932,220.7662974731422,295.1489393509655,302.3194767129635,428.02005653940984,287.8358821090481
111,27,16,5630.35,3297.22,207.2174606542608,215.9056555535314,218.41045442011205,218.46398787900952,287.5158517369091,229.50268204876457
112,9,16,1737.65,3296.34,180.20156408866148,215.2653313936083,234.11274826459126,256.9114721066385,285.91392271101455,234.48100771290282
113,18,16,3686.17,3295.68,193.75604093808275,218.7454522955849,231.02091442118393,238.71689278306246,295.51264372273454,235.55038883212973
114,24,16,5014.44,3300.28,194.83440404610354,217.89124741485156,222.71229085975435,228.53407798400573,288.484323664216,230.49126879378622
115,16,16,3234.74,3299.84,213.5047271139443,219.01707444854597,219.4271480469088,220.46247798661824,309.1714904385594,236.31658360691534
116,7,16,1286.44,3300.28,194.42766881285172,218.12901801456877,222.4292305431098,301.07979091928456,309.724161311319,249.15797392022677
117,25,16,5209.27,3298.97,194.83440404610354,213.97566707455275,215.26453516545615,221.28538135177422,293.7755825455888,227.8271140366951
118,12,16,2396.69,3306.18,210.87011476261864,212.2265096541898,228.6252805356402,265.7696446172888,309.9148076488116,245.48127144370983
119,14,16,2823.41,3301.59,197.96462133421755,215.90358635279765,218.53077426303142,223.0501167899267,291.6388756664654,229.41759488128773
120,8,16,1480.84,3303.56,194.42766881285172,221.76057021030596,224.02186790579174,256.9114721066385,301.69894348505755,239.76410450412908
121,23,16,4786.02,3307.5,220.415955184737,228.53407798400573,231.86010437330538,261.3504453793801,310.85454621092464,250.60302582647054
122,13,16,2607.56,3306.4,210.87011476261864,215.90358635279765,220.59590408708863,226.45999425947167,300.9545586961593,234.9568316316272
123,11,17,2138.58,3505.01,218.61986414779443,220.09259733121394,226.99314967637233,255.29930689290947,308.2200605087217,245.84499571140236
124,26,17,5437.04,3510.05,190.73454773585203,217.21328182226793,223.02204420191288,236.0045077959317,287.5158517369091,230.89804665857474
125,27,17,5627.75,3513.11,190.73454773585203,213.90176927739483,215.9056555535314,220.8139714782559,300.29686195496606,228.3305612
126,28,17,5841.65,3513.98,213.90176927739483,218.19750686018386,220.37261377040497,233.96542736053988,298.22080695350513,236.93162484440577
127,6,17,1053.25,3517.7,219.5879771298966,220.92268896607254,317.0520898842966,318.8244540495598,435.95744471221,302.4689309484071
128,17,17,3451.9,3520.11,210.93514761651235,211.7441144400479,223.00987623869906,225.10346265661923,300.17251056684046,234.1930223037438
129,16,17,3240.16,3518.79,211.7441144400479,218.56736467277085,219.01707444854597,225.3457898430763,303.759887575697,235.68684619602763
130,25,17,5201.25,3520.11,191.1710964031955,213.70239352894475,221.28538135177422,236.0045077959317,288.484323664216,230.12954054881243
131,22,17,4524.44,3523.61,201.23188067500638,208.60747853324892,239.74352462579697,261.8341308920598,307.3569771454685,243.75479837431612
132,7,17,1272.79,3522.29,214.38195679674175,219.5879771298966,222.4292305431098,227.35054805300132,301.8735089404169,237.12464429263326
133,19,17,3886.2,3528.64,206.27011732192327,211.80064636350858,234.5740789175136,237.3358087183647,304.71764914425285,238.93966009311262
134,24,17,5010.1,3522.95,191.1710964031955,218.97675675742417,222.71229085975435,224.89948443693706,297.28907430310977,231.00974055208417
135,29,17,6075.49,3521.64,229.82576117572208,231.82741856821025,233.96542736053988,302.3194767129635,307.1774706908047,261.02311090164807
136,8,17,1500.13,3524.48,216.77057041951073,221.76057021030596,227.35054805300132,232.17523145245264,303.6062556997139,240.33263516699694
137,10,17,1912.54,3525.79,180.3686671791971,209.63316006777166,226.99314967637233,235.8473321875827,274.88330796903625,225.545123415992
138,14,17,2814.96,3524.48,200.396452313907,201.94105328040655,217.7958688772586,223.0501167899267,297.59234348349764,228.1551669489993
139,21,17,4315.95,3530.61,192.44608205936498,208.60747853324892,219.39011030582017,240.31131163555332,263.40405198098165,224.83180690299383
140,12,17,2392.14,3534.76,212.40872039537348,221.05877815639914,228.6252805356402,255.29930689290947,313.9332190132164,246.26506099870775
141,9,17,1732.23,3530.39,180.3686671791971,228.8081766458534,232.17523145245264,234.11274826459126,280.3877124625828,231.17050720093545
142,15,17,3015.21,3532.14,200.396452313907,205.8150152442725,225.3457898430763,236.7478274451532,298.97374332874125,233.45576563503005
143,13,17,2613.19,3532.79,201.94105328040655,221.05877815639914,222.89196598352308,226.45999425947167,281.8517917274965,230.84071668145938
144,20,17,4123.51,3532.14,192.44608205936498,202.4535573903309,237.3358087183647,237.8774798084089,290.8278789937443,232.18816139404277
145,18,17,3674.47,3534.11,205.34434616029736,211.80064636350858,223.00987623869906,238.71689278306246,291.96479667932573,234.16731164497864
146,23,17,4785.8,3539.36,209.11552429219566,224.89948443693706,231.86010437330538,261.8341308920598,294.59260564379395,244.4603699276584
147,11,18,2134.25,3725.06,210.68031991621814,220.09259733121394,261.64417096507236,298.1004142902187,314.7219271039118,261.047885921327
148,22,18,4523.57,3724.84,201.23188067500638,208.92052460205971,217.8489871447649,264.8064187288518,284.30856001886394,235.42327423390935
149,17,18,3457.53,3730.97,208.64555231300767,210.93514761651235,212.91441473042653,221.83052630330226,292.9450856389294,229.45414532043566
150,20,18,4147.56,3733.16,169.44886455801318,202.4535573903309,218.9359326378384,261.14586364712,263.40405198098165,223.07765404285684
151,26,18,5413.63,3731.84,193.09313322850207,219.51375583320498,223.02204420191288,226.26676755546782,299.8914091800565,232.3574219998289
152,25,18,5220.54,3732.94,193.09313322850207,213.70239352894475,220.79344849881744,220.87598058639153,296.3692556592198,228.96684230037513
153,27,18,5639.89,3733.59,213.68045301337165,214.6015330793328,220.8139714782559,226.26676755546782,298.22080695350513,234.71670641598666
154,10,18,1923.81,3735.12,161.42966889639595,209.63316006777166,210.68031991621814,223.77009853865638,280.3877124625828,217.18019197632498
155,28,18,5853.57,3734.03,213.46972267747984,213.54830882027588,213.68045301337165,220.37261377040497,304.6694897753953,233.14811761138554
156,18,18,3666.01,3739.28,205.34434616029736,208.64555231300767,215.92057451757555,220.4533170537471,300.98147069213417,230.2690521473524
157,19,18,3886.42,3734.91,206.27011732192327,219.39526544572502,220.4533170537471,261.14586364712,291.96479667932573,239.84587202956823
158,7,18,1282.76,3736.44,200.50295284608657,214.38195679674175,228.43040252996104,235.30799327689644,303.6062556997139,236.44591222987998
159,15,18,3028.43,3737.53,205.8150152442725,216.28011189196312,217.638505095031,226.3021972937954,301.5953305341447,233.5262320118414
160,16,18,3244.71,3737.31,212.91441473042653,216.28011189196312,218.56736467277085,220.500678003493,300.17251056684046,233.68701597309877
161,6,18,1054.34,3738.62,220.92268896607254,228.43040252996104,235.94392893227848,307.4395410483173,320.099644642102,262.56724122374624
162,8,18,1483.22,3740.59,200.50295284608657,216.77057041951073,229.74139048068787,281.1293485212811,303.2089624335008,246.27064494021343
163,23,18,4787.32,3748.47,209.11552429219566,212.5045771271763,212.7080825920824,264.8064187288518,300.99183925814407,240.02528839969006
164,12,18,2394.96,3747.15,212.40872039537348,216.06529684333864,232.24129693058458,261.64417096507236,305.89956276529733,245.65180957993326
165,14,18,2802.17,3741.9,175.61814997317344,217.7958688772586,219.2807326237303,226.3021972937954,281.8517917274965,224.16974809909084
166,24,18,4999.92,3741.69,212.7080825920824,216.1413299209572,218.97675675742417,220.79344849881744,294.59260564379395,232.64244468261504
167,9,18,1763.87,3757.0,161.42966889639595,218.52668143730193,228.8081766458534,257.43590464424335,274.88330796903625,228.21674791856617
168,21,18,4316.17,3750.0,169.44886455801318,205.14232352198803,208.92052460205971,219.39011030582017,271.82622482019667,214.94560956161553
169,13,18,2627.06,3755.25,175.61814997317344,205.9541487807419,222.89196598352308,232.24129693058458,280.1344357625459,223.36799948611377
170,29,18,6066.17,3753.28,200.80105203907647,213.46972267747984,231.82741856821025,284.30808940302734,328.13674039948694,251.70860461745616
171,22,19,4533.11,3942.48,204.30757719673502,211.7439907057579,217.8489871447649,261.64448876290106,266.7488753490819,232.45878383184817
172,28,19,5858.56,3947.52,208.36329139270123,213.54830882027588,221.7109528192056,237.75846504383438,284.30808940302734,233.13782149580885
173,21,19,4329.17,3954.73,164.40336979514737,195.28397578910585,204.30757719673502,205.14232352198803,284.3575736638647,210.69896399336818
174,27,19,5636.85,3948.17,214.6015330793328,215.87168897287145,221.7109528192056,224.8666549313167,304.6694897753953,236.34406391562433
175,20,19,4133.91,3951.67,195.28397578910585,218.9359326378384,231.4249917359835,249.02388841233665,265.17101802421774,231.96796131989646
176,17,19,3453.85,3952.77,207.03111312070928,212.01928898097955,221.83052630330226,229.29667812683198,300.27079644880547,234.0896805961257
177,26,19,5421.0,3951.23,213.69122232791904,215.87168897287145,219.51375583320498,232.96816112936935,296.3692556592198,235.68281678451694
178,15,19,3018.68,3954.95,201.2004734089857,217.638505095031,221.81372545449025,228.2177961947756,299.66739846035955,233.7075797227284
179,19,19,3884.9,3954.3,201.76011994445307,219.39526544572502,236.2380481632876,249.02388841233665,299.7023164741978,241.223927688
180,18,19,3683.14,3954.52,201.76011994445307,215.92057451757555,216.60266780443905,229.29667812683198,299.25124978853495,232.56625803636695
181,25,19,5207.32,3953.42,203.76707977492273,213.69122232791904,219.42466155835845,220.87598058639153,296.3854802448997,230.8288848984983
182,29,19,6066.82,3954.08,200.80105203907647,208.36329139270123,306.4270957340422,317.9184846780699,430.0106149852576,292.70410776582946
183,16,19,3246.88,3957.8,207.03111312070928,212.1789607854653,220.500678003493,228.2177961947756,288.85686576572823,231.35708277403427
184,12,19,2386.51,3963.05,214.87575316912788,216.06529684333864,233.40831369083628,300.50233227048324,317.87598603858066,256.5455364024733
185,23,19,4799.24,3960.64,204.37973285039845,212.5045771271763,229.67659110148827,266.7488753490819,297.0043179820793,242.06281888204484
186,24,19,5003.6,3957.8,203.76707977492273,204.37973285039845,216.1413299209572,240.18407295239214,298.89022148608353,232.67248739695083
187,10,19,1923.6,3958.89,202.58415757408062,214.60153307933325,223.77009853865638,257.43590464424335,288.6564360966164,237.40962598658598
188,13,19,2619.91,3961.08,197.65048975401007,205.9541487807419,214.4092208838048,233.40831369083628,285.0589061930885,227.2962158604963
189,14,19,2817.56,3960.64,197.65048975401007,201.2004734089857,213.29822737191228,219.2807326237303,280.1344357625459,222.31287178423682
190,9,19,1721.4,3971.36,202.58415757408062,208.604123640929,218.52668143730193,223.01524835759548,283.7484056342872,227.29572332883885
191,8,19,1498.39,3969.83,220.21405245805718,223.01524835759548,224.52682000153143,229.74139048068787,299.28305147468694,239.35611255451175
192,7,19,1273.87,3971.58,208.08254515936719,224.52682000153143,227.78770489207707,235.30799327689644,303.80848704405884,239.90271007478617
193,6,19,1046.1,3974.42,201.02045990396056,227.78770489207707,235.94392893227848,314.5525928998203,335.6224605118079,262.98542942798883
194,21,20,4339.79,4118.79,164.40336979514737,195.26127445041473,214.23701734294167,255.25817303271575,261.64448876290106,218.16086467682413
195,22,20,4531.81,4154.22,195.26127445041473,211.7439907057579,222.53280072834193,268.12993902210883,284.3575736638647,236.4051157140976
196,11,20,2129.26,4161.44,209.04643240199084,213.05177633617626,269.00763279133923,288.6564360966164,291.0896983749175,254.17039520020802
197,17,20,3448.43,4164.72,203.56770986578397,212.01928898097955,220.05171982968022,229.58755541187332,288.1745651510553,230.68016784787446
198,18,20,3677.93,4171.06,205.94242229322245,216.60266780443905,217.3914407238703,229.58755541187332,298.6885605442563,233.64252935553228
199,16,20,3244.93,4169.97,203.56770986578397,212.1789607854653,216.16955960541685,216.2173501363846,295.2930017795886,228.68531643452783
200,10,20,1920.56,4173.47,183.6551161824793,201.97250159365763,209.04643240199084,214.60153307933325,283.7484056342872,218.60479777834962
201,12,20,2397.78,4177.63,202.21330569475353,214.87575316912788,220.95536743876562,269.00763279133923,304.93063375135006,242.39653856906725
202,27,20,5635.12,4173.03,210.43011500258257,213.58905262208552,216.35801464239745,224.8666549313167,296.67959973682025,232.38468738704051
203,6,20,1046.53,4175.44,201.02045990396056,212.6588951819327,238.2125857296378,305.3561448538409,314.8353882586904,254.41669478561244
204,13,20,2599.97,4174.56,202.21330569475353,212.69756275049303,214.12098659402852,214.4092208838048,297.39489975451846,228.16719513551965
205,14,20,2814.09,4173.91,213.29822737191228,214.12098659402852,214.7859802221737,219.05455781608427,287.6282213205098,229.77759466494172
206,25,20,5211.22,4172.81,206.5580451108118,207.58280950020878,208.141330110096,219.42466155835845,275.35805236092136,223.41297972807928
207,15,20,3028.86,4176.53,214.7859802221737,216.16955960541685,221.63070003950298,221.81372545449025,302.08638185128444,235.29726943457368
208,9,20,1737.0,4179.38,183.6551161824793,203.95161803722013,208.604123640929,251.819916805641,276.0344719414589,224.81304932154566
209,7,20,1284.71,4179.38,200.94312827265335,205.1893791111032,208.08254515936719,238.2125857296378,298.3689972165337,230.15932709785906
210,20,20,4135.43,4183.09,198.66099868872058,214.23701734294167,231.4249917359835,252.58959598526664,268.6522259353154,233.11296593764555
211,19,20,3882.95,4190.53,193.19889363037285,205.94242229322245,236.2380481632876,252.58959598526664,291.29764434337625,235.85332088310514
212,28,20,5848.37,4185.06,192.53891996165325,213.58905262208552,237.75846504383438,291.1088128174751,317.58082829415247,250.51521574784016
213,26,20,5419.05,4184.19,195.80075025392566,208.141330110096,216.35801464239745,232.96816112936935,286.59697852559475,227.97304693227662
214,23,20,4797.5,4190.31,204.96167568596795,208.84052671835494,229.67659110148827,268.12993902210883,297.89502345625067,241.90075119683416
215,8,20,1485.39,4189.66,197.96674897568047,200.94312827265335,220.21405245805718,251.819916805641,281.7700518153058,230.54277966546755
216,24,20,5006.2,4197.97,182.01785901388922,206.5580451108118,208.84052671835494,240.18407295239214,273.62123455609253,222.24434767030817
217,11,21,2128.39,4374.49,196.78107353096738,213.05177633617626,222.25693352514384,259.86584712116365,289.14070847945254,236.21926779858072
218,21,21,4324.84,4373.61,179.40314183425042,200.92330277994103,247.20076638230722,255.25817303271575,268.6522259353154,230.28752199290597
219,22,21,4525.74,4376.67,200.92330277994103,222.53280072834193,222.90852944649703,262.8733484018497,313.68565810377726,244.5847278920814
220,13,21,2620.13,4386.3,182.15036974983056,212.69756275049303,231.11919176044162,233.28039308951816,287.6282213205098,229.37514773415865
221,10,21,1931.61,4375.14,196.78107353096738,201.97250159365763,206.03074721992337,220.7767546640719,276.0344719414589,220.31910979001583
222,24,21,5028.31,4378.64,181.83842113260874,182.01785901388922,227.2239745273365,240.8995718136503,275.35805236092136,221.46757576968125
223,28,21,5852.71,4377.55,192.53891996165325,217.4503276612844,218.79180263437615,298.6198896590785,308.2256434821739,247.12531667971325
224,20,21,4145.61,4381.49,179.40314183425042,198.66099868872058,229.55071291546935,257.8992138413763,301.3242456225519,233.36766258047373
225,25,21,5210.14,4380.39,181.83842113260874,207.58280950020878,212.38043530419662,227.05162871029944,273.62123455609253,220.4949058406812
226,26,21,5422.52,4379.96,195.80075025392566,212.38043530419662,212.84877824408548,218.965436770281,295.90338372516106,227.17975685952996
227,9,21,1725.73,4383.02,203.95161803722013,206.03074721992337,222.05410241650497,226.9379485674444,285.59372717200876,228.91362868262036
228,27,21,5635.34,4383.46,210.43011500258257,212.84877824408548,213.26099057258477,217.4503276612844,291.1088128174751,229.0198048596025
229,19,21,3887.72,4383.67,193.19889363037285,218.718378057263,225.23855997586196,257.8992138413763,296.85253460262027,238.38151602149887
230,7,21,1281.89,4384.55,205.1893791111032,216.9558203874695,217.64240602419355,230.82653660270537,281.7700518153058,230.47683878815548
231,6,21,1051.09,4388.05,212.6588951819327,230.82653660270537,313.2434728769302,324.85550464783563,413.6600983899705,299.0489015398749
232,16,21,3263.13,4385.42,184.43114541746993,216.2173501363846,218.3052223379003,249.3111361331461,288.1745651510553,231.28788383519122
233,17,21,3447.56,4384.77,184.43114541746993,216.89002305315864,220.05171982968022,221.51765189257515,287.2503892077432,226.02818588012542
234,18,21,3669.05,4388.27,212.28858895381026,217.3914407238703,218.718378057263,221.51765189257515,291.29764434337625,232.24274079417896
235,8,21,1498.83,4387.17,197.96674897568047,216.9558203874695,226.9379485674444,234.0017952922587,295.4352742987877,234.25951750432813
236,23,21,4787.97,4395.05,204.96167568596795,215.74932537553863,240.8995718136503,262.8733484018497,294.0490763461089,243.7065995246231
237,14,21,2802.17,4392.64,182.15036974983056,212.0096776093014,215.65849507960465,219.05455781608427,293.6311592798009,224.50085190692434
238,12,21,2387.16,4398.33,219.74077568808173,220.95536743876562,233.28039308951816,259.86584712116365,308.8059406811983,248.52966480374548
239,15,21,3014.12,4397.67,205.06980689511565,212.0096776093014,221.63070003950298,249.3111361331461,281.5732077098243,233.9189056773781
240,11,22,2124.93,4596.72,208.27411985169903,209.92325573885282,222.25693352514384,270.64316821231597,294.0583595138896,241.03116736838024
241,27,22,5635.99,4596.72,201.0816769375067,213.26099057258477,216.08109820157773,221.92043619279417,295.65641308789463,229.6001229984716
242,10,22,1916.66,4595.41,180.55537710076666,208.27411985169903,220.7767546640719,227.05508780910435,285.59372717200876,224.45101331953015
243,22,22,4523.79,4599.57,192.5170418430534,196.1998129458845,222.90852944649703,258.57051533382526,301.0631563310263,234.2518111800573
244,28,22,5857.91,4596.28,211.15667761167293,216.12534511250632,218.79180263437615,221.92043619279417,296.05589877588966,232.81003206544784
245,17,22,3459.7,4601.32,198.09453904638556,206.76539845922068,216.89002305315864,224.74387644605605,291.98043581719605,227.69485456440344
246,18,22,3684.44,4600.0,195.02638641988926,212.28858895381026,212.44560903911412,224.74387644605605,290.3778617594664,226.9764645236672
247,26,22,5419.92,4598.91,209.09406328253326,210.68782784014843,216.08109820157773,218.965436770281,290.5649822328905,229.0786816654862
248,15,22,3007.41,4602.63,181.6625690669376,205.06980689511565,210.71463594159712,254.2123368367476,286.4294125958433,227.61775226724825
249,29,22,6068.99,4601.97,211.15667761167293,299.1313171501766,311.67511097294874,433.03182619756717,470.6665627596668,345.13229893840645
250,7,22,1295.76,4601.75,187.10788786152244,217.64240602419355,223.77849628594834,295.4352742987877,298.65257842516627,244.52332857912364
251,16,22,3261.62,4603.72,198.09453904638556,207.0544358375354,218.3052223379003,254.2123368367476,280.96473871288566,231.72625455429088
252,9,22,1736.35,4604.82,180.55537710076666,222.05410241650497,228.58239061660083,254.91640296379506,283.6006320514822,233.94178102982997
253,24,22,5019.42,4605.69,191.58799257782303,207.04648994851442,227.2239745273365,237.3533039584663,282.9884487041833,229.2400419432647
254,14,22,2825.8,4607.0,181.6625690669376,209.5281389217209,213.93712744635985,215.65849507960465,281.5732077098243,220.47190764488946
255,19,22,3879.27,4608.75,195.02638641988926,198.58891107007926,225.23855997586196,254.21763314136922,289.1253489405591,232.43936790955178
256,23,22,4782.12,4610.72,204.1307152292373,215.74932537553863,237.3533039584663,258.57051533382526,299.8797567359292,243.13672332659934
257,25,22,5211.0,4607.44,191.58799257782303,200.252785249045,209.09406328253326,227.05162871029944,290.9708406352779,223.7914620909957
258,13,22,2612.11,4617.28,202.12967248773802,213.93712744635985,217.3710019758849,231.11919176044162,285.43629569485387,229.9986578730556
259,20,22,4133.48,4610.72,190.60076809918684,195.5189791299046,229.55071291546935,254.21763314136922,262.3934147420625,226.4563016055985
260,12,22,2394.74,4617.94,198.95851678176618,217.3710019758849,219.74077568808173,270.64316821231597,294.3022341063696,240.20313935288368
261,21,22,4328.74,4620.78,195.3537051094763,195.5189791299046,196.1998129458845,247.20076638230722,255.40828647481257,217.936310008477
262,8,22,1481.92,4620.56,187.10788786152244,215.24098146031554,234.0017952922587,254.91640296379506,278.19772411002947,233.89295833758425
263,27,23,5640.97,4797.74,201.0816769375067,210.7489335678834,215.91825304962066,226.01564547614882,296.05589877588966,229.96408156140987
264,25,23,5217.72,4807.58,200.252785249045,212.8271949258362,213.51955624719744,231.86039873165026,282.9884487041833,228.2896767715825
265,22,23,4540.04,4791.4,192.5170418430534,230.8844602826273,241.61273662619737,247.73759686410153,271.5858508832889,236.86753729985372
266,26,23,5430.54,4809.33,210.68782784014843,210.7489335678834,212.8271949258362,214.8857484804427,295.65641308789463,228.96122358044104
267,23,23,4786.67,4814.8,204.1307152292373,217.59577385601946,224.1040887623425,247.73759686410153,312.88904519014443,241.29144398036905
268,28,23,5856.39,4812.4,215.91825304962066,216.12534511250632,217.97467834590378,290.94011617513365,299.1313171501766,248.0179419666682
269,20,23,4147.56,4800.8,152.48633807656262,190.60076809918684,223.99377245807506,255.40828647481257,259.7076421671112,216.43936145514968
270,11,23,2132.95,4806.49,209.92325573885282,211.1722756424248,215.36293506543763,269.13640036234426,294.9014413325239,240.09926162831667
271,24,23,5004.25,4812.18,207.04648994851442,213.51955624719744,217.59577385601946,221.14485592027694,290.9708406352779,230.05550332145722
272,19,23,3887.93,4807.15,198.58891107007926,214.16907573223514,237.17240480292006,259.7076421671112,290.3778617594664,240.0031791063624
273,17,23,3454.5,4808.02,206.76539845922068,213.2571804183859,215.9526154043978,219.35944930638405,280.96473871288566,227.25987646025482
274,16,23,3241.25,4809.77,207.0544358375354,213.2571804183859,213.9261671698905,222.49431206212884,298.5644689175184,231.0593128810918
275,12,23,2401.89,4816.77,198.95851678176618,207.41654803800017,224.260295192885,269.13640036234426,289.8080545809595,237.915962991191
276,21,23,4299.48,4813.93,152.48633807656262,195.3537051094763,215.04211727008268,241.61273662619737,260.6497803567071,213.0289354878052
277,15,23,3027.34,4812.4,210.68665691020882,210.71463594159712,213.9261671698905,217.90928961382104,287.76297816084656,228.19994555927283
278,18,23,3673.82,4812.18,212.44560903911412,214.16907573223514,218.953859294601,219.35944930638405,289.1253489405591,230.8106684625787
279,14,23,2816.69,4816.33,207.42257254214172,209.5281389217209,210.68665691020882,216.6680064061145,285.43629569485387,225.94833409500797
280,13,23,2609.29,4819.39,202.12967248773802,207.41654803800017,207.42257254214172,214.04978509683147,292.7081184388296,224.74533932070818
281,10,23,1918.18,4822.46,179.7825558834895,215.36293506543763,219.09616267748729,227.05508780910435,276.46626304126147,223.55260089535605
282,7,23,1293.81,4825.52,187.7416576042728,204.77027836089812,223.77849628594834,278.19772411002947,441.13107723215353,267.12384671866045
283,8,23,1481.27,4835.8,187.7416576042728,215.24098146031554,257.4712793691755,279.6024486659582,298.65257842516627,247.74178910497767
284,9,23,1738.73,4833.39,179.7825558834895,197.5318100965002,228.58239061660083,257.4712793691755,295.9186112768169,231.85732944851657
285,11,24,2144.43,5017.35,194.09125920556016,211.1722756424248,212.65868098904372,253.3633990930815,298.6154292731707,233.9802088406562
286,22,24,4532.46,5022.16,217.24500937881177,222.6666533183626,230.8844602826273,261.88853831353487,308.60090084120014,248.25711242690736
287,7,24,1279.94,5029.82,204.77027836089812,279.6024486659582,428.3622267427413,440.54726295824446,456.3876291049084,361.9339691665501
288,17,24,3449.3,5023.91,188.04723768245051,215.9526154043978,225.93539076470483,242.22168296830932,298.5644689175184,234.1442791474762
289,20,24,4146.26,5024.79,163.67718778131558,223.99377245807506,224.12466620164795,253.2188628439835,260.6497803567071,225.13285392834587
290,26,24,5424.47,5024.13,206.54012346273038,207.74491209172876,214.8857484804427,231.46163504995815,299.3985053402907,232.00618488503014
291,27,24,5655.93,5023.26,179.76420667084966,219.86079982570783,226.01564547614882,231.46163504995815,290.94011617513365,229.60848063955964
292,21,24,4309.89,5028.72,163.67718778131558,215.04211727008268,215.617124783724,222.6666533183626,279.8187901124583,219.36437465318863
293,9,24,1736.57,5030.91,197.5318100965002,215.13216519153988,232.9944312639251,276.46626304126147,287.09968617189435,241.84487115302417
294,28,24,5835.59,5029.38,179.76420667084966,217.97467834590378,276.84097330417,302.5459204815033,411.15351986818735,277.6558597341228
295,15,24,3016.51,5030.04,206.98948403240226,216.59723567026393,217.90928961382104,244.89350379297517,292.57477078517906,235.7928567789283
296,16,24,3261.4,5031.35,188.04723768245051,219.95350826936124,222.49431206212884,244.89350379297517,295.2353280012403,234.1247779616312
297,18,24,3675.12,5031.13,218.953859294601,219.06324041244352,225.93539076470483,231.21401428114126,308.95814684193095,240.82493031896433
298,13,24,2616.45,5033.32,193.09050131997705,197.0943702899704,214.04978509683147,219.89311062423013,286.3384207541841,222.09323761703862
299,24,24,5014.22,5033.1,194.46738158364744,203.16894570775298,220.47343626840907,221.14485592027694,282.0790174755998,224.26672739113724
300,23,24,4793.82,5038.79,191.0395901377511,220.47343626840907,224.1040887623425,261.88853831353487,288.21377066337436,237.1438848290824
301,14,24,2809.54,5032.88,193.09050131997705,206.98948403240226,211.08179291450026,216.6680064061145,274.56229620980343,220.4784161765595
302,12,24,2396.69,5040.97,203.8628607667416,219.89311062423013,224.260295192885,253.3633990930815,291.9416114568112,238.6642554267499
303,10,24,1951.55,5039.0,194.09125920556016,215.13216519153988,218.51904836878666,219.09616267748729,274.6713062917203,224.30198834701886
304,25,24,5217.29,5039.44,195.64418570455925,203.16894570775298,207.74491209172876,231.86039873165026,278.58339738756894,223.40036792465207
305,19,24,3893.79,5044.25,219.06324041244352,220.37248308262124,237.17240480292006,253.2188628439835,301.3957075009527,246.2445397285842
306,23,25,4799.67,5229.74,191.0395901377511,211.96131392308342,247.2733940398765,271.280977954592,291.03091261926085,242.51723773491275
307,24,25,5011.62,5227.55,194.46738158364744,199.73861319234229,211.96131392308342,248.71764432786028,278.72122452371696,226.7212355101301
308,11,25,2148.98,5229.96,212.65868098904372,233.85022984808032,247.07786991149177,274.6713062917203,311.57256650738674,255.9661307095446
309,13,25,2618.83,5230.4,192.05928772126586,197.0943702899704,223.68592557422988,239.65135718372244,274.56229620980343,225.41064739579843
310,26,25,5419.92,5230.62,206.54012346273038,208.74574702254395,236.0459584487735,240.01415999894635,278.58339738756894,233.98587726411264
311,22,25,4528.56,5239.37,210.49496359770754,217.24500937881177,218.51386706568553,271.280977954592,295.82422838570886,242.67180927650116
312,25,25,5211.22,5234.99,195.64418570455925,199.73861319234229,208.74574702254395,243.02000000000044,282.0790174755998,225.84551267900915
313,12,25,2395.61,5244.83,203.8628607667416,223.68592557422988,231.70352371079693,247.07786991149177,305.78879263308517,242.42379451926908
314,21,25,4318.12,5244.18,184.69170663568008,210.49496359770754,211.91655197270416,215.617124783724,278.68948975517543,220.28196734899825
315,27,25,5659.61,5243.09,219.82060617694606,219.86079982570783,240.01415999894635,276.84097330417,321.30095113460175,255.5674980880744
316,14,25,2810.41,5243.96,192.05928772126586,211.08179291450026,220.6308693270281,227.0625785989406,286.3384207541841,227.4345898631838
317,15,25,3031.03,5246.15,216.59723567026393,219.78796554861697,220.6308693270281,223.0567212616558,307.47668692113865,237.5098957457407
318,20,25,4133.48,5248.55,184.69170663568008,210.47013327310776,224.12466620164795,246.92697098534967,281.8611661793803,229.61492865503314
319,16,25,3254.03,5251.18,189.564124506722,214.22835129832845,219.95350826936124,223.0567212616558,291.3377960375205,227.6281002747176
320,10,25,1916.44,5254.68,175.56017429929844,218.51904836878666,233.85022984808032,287.09968617189435,329.097202965932,248.82526833079834
321,18,25,3685.52,5262.11,201.56440806848832,204.83659756010465,231.21401428114126,242.54200399106108,294.26388735283194,234.88418225072547
322,9,25,1741.12,5263.86,175.56017429929844,232.9944312639251,307.96558979860055,336.35809489292836,409.26640419169524,292.42893888928955
323,19,25,3887.07,5264.52,200.70131937782537,201.56440806848832,220.37248308262124,246.92697098534967,290.0601566916767,231.92506764119224
324,17,25,3443.01,5266.05,189.564124506722,198.2109040895581,242.22168296830932,242.54200399106108,266.6900871798578,227.84576054710163
325,22,26,4529.86,5457.88,202.8595657098767,217.02892019267827,218.51386706568553,263.3484697126611,295.33535463943343,239.417235464067
326,21,26,4327.01,5455.91,189.4448766792072,202.8595657098767,211.91655197270416,217.4317007706101,283.64067144893045,221.0586733162657
327,20,26,4137.59,5458.98,189.4448766792072,210.47013327310776,222.2680026454555,238.8928680392114,280.58888235281097,228.33295259795858
328,27,26,5642.71,5462.26,218.71366166748714,218.78972485014032,219.82060617694606,298.2865444501312,321.3914648835593,255.40040040565282
329,17,26,3452.98,5464.01,187.46316891592335,198.2109040895581,216.838926625272,226.26782382831192,291.3377960375205,224.0237238993172
330,6,26,1049.35,5470.57,234.49010320267251,439.5644264496391,497.4256834945297,689.8189574808735,721.9935990020964,516.6585539259622
331,19,26,3898.77,5464.88,200.70131937782537,219.54883853029145,223.66431320172666,238.8928680392114,294.26388735283194,235.4142453003774
332,15,26,3014.56,5465.32,206.61836244632275,219.13979853052754,219.78796554861697,250.96009642969142,301.12700327270534,239.52664524557275
333,16,26,3265.52,5465.1,187.46316891592335,214.22835129832845,225.44798624072857,250.96009642969142,266.6900871798578,228.9579380129059
334,18,26,3679.23,5466.85,204.83659756010465,215.46044927085808,219.54883853029145,226.26782382831192,290.0601566916767,231.23477317624855
335,26,26,5424.04,5466.63,210.9770034861623,213.12404087760697,218.71366166748714,236.0459584487735,298.2580287268056,235.42373864136707
336,7,26,1283.84,5470.35,205.40472852395604,234.49010320267251,440.54726295824446,501.7400905847571,630.9294465310685,402.62232636013977
337,13,26,2627.06,5469.91,180.96334324939957,221.42609986178292,226.56527933467632,239.65135718372244,288.64116580972984,231.4494490878622
338,12,26,2400.59,5476.48,214.57043086129147,226.56527933467632,231.70352371079693,308.22437882166355,328.91345974283246,261.99541449425215
339,14,26,2808.02,5471.01,180.96334324939957,206.61836244632275,222.89266520009073,227.0625785989406,288.5277187723912,225.212933653429
340,23,26,4792.52,5476.91,212.19334768083593,217.15097282766163,247.2733940398765,263.3484697126611,308.21765896846347,249.63676864589974
341,24,26,5009.67,5476.26,201.55759722719478,210.59854059323402,217.15097282766163,248.71764432786028,285.485372304782,232.70202545614657
342,25,26,5211.22,5478.01,201.55759722719478,207.02909167554213,213.12404087760697,243.02000000000044,284.158165992111,229.77777915449104
343,8,26,1488.64,5486.1,205.40472852395604,336.35809489292836,439.5644264496391,486.38262345606057,501.74408656206464,393.8907919769298
344,22,27,4533.97,5674.87,206.1056789610615,217.02892019267827,261.31718906340564,301.29042998409363,325.6320993084068,262.2748635019292
345,21,27,4327.87,5673.34,194.54924569373208,206.1056789610615,217.4317007706101,286.62987981018335,295.33535463943343,240.0103719750041
346,15,27,3031.03,5683.84,215.500780509027,219.13979853052754,222.1479011829732,308.26947464839924,320.6754554062406,257.14668205543353
347,20,27,4133.48,5681.21,194.54924569373208,222.2680026454555,241.96774165165044,297.00833473153637,319.1981406587447,254.99829307622386
348,26,27,5435.96,5677.27,195.72129700162893,210.9770034861623,231.58671637207522,298.2865444501312,300.3541496300659,247.3851421880127
349,17,27,3458.83,5680.77,212.5693423332726,216.838926625272,220.8453694330041,289.62442058638635,307.14479712344155,249.40457122027527
350,18,27,3679.67,5682.31,212.0383382787177,215.46044927085808,220.8453694330041,308.67558196268146,314.7113695118117,254.34622169141463
351,27,27,5631.65,5680.77,195.72129700162893,218.78972485014032,298.2580287268056,427.1702565722474,438.5721650994284,315.70229445005015
352,23,27,4794.9,5689.09,212.19334768083593,223.4529966234515,261.31718906340564,302.36197148451083,351.71617207629225,270.20833538569923
353,25,27,5204.5,5684.93,186.16822526951248,207.02909167554213,231.58671637207522,285.485372304782,309.6008746757671,243.97405605953577
354,16,27,3246.45,5689.74,212.5693423332726,215.500780509027,225.44798624072857,305.95534608828115,322.703127502663,256.4353165347944
355,12,27,2400.16,5691.05,214.57043086129147,221.49010925998502,316.8383019775232,408.95993080007264,446.24319703498026,321.6203939867705
356,19,27,3891.62,5688.43,212.0383382787177,223.66431320172666,241.96774165165044,306.9319281208782,336.37559869883614,264.19558399036185
357,24,27,5018.34,5686.68,186.16822526951248,210.59854059323402,223.4529966234515,284.158165992111,308.21765896846347,242.5191174893545
358,13,27,2621.65,5691.27,187.4784480947077,221.42609986178292,221.49010925998502,288.5277187723912,308.22437882166355,245.42935096210607
359,14,27,2809.11,5693.9,187.4784480947077,222.1479011829732,222.89266520009073,288.64116580972984,307.3410465590301,245.70024536930632
